,lora_key,shape
0,lora_te_text_model_encoder_layers_0_mlp_fc1.alpha,torch.Size([1])
1,lora_te_text_model_encoder_layers_0_mlp_fc1.lora_down.weight,"torch.Size([64, 768])"
2,lora_te_text_model_encoder_layers_0_mlp_fc1.lora_up.weight,"torch.Size([3072, 64])"
3,lora_te_text_model_encoder_layers_0_mlp_fc2.alpha,torch.Size([1])
4,lora_te_text_model_encoder_layers_0_mlp_fc2.lora_down.weight,"torch.Size([64, 3072])"
5,lora_te_text_model_encoder_layers_0_mlp_fc2.lora_up.weight,"torch.Size([768, 64])"
6,lora_te_text_model_encoder_layers_0_self_attn_k_proj.alpha,torch.Size([1])
7,lora_te_text_model_encoder_layers_0_self_attn_k_proj.lora_down.weight,"torch.Size([64, 768])"
8,lora_te_text_model_encoder_layers_0_self_attn_k_proj.lora_up.weight,"torch.Size([768, 64])"
9,lora_te_text_model_encoder_layers_0_self_attn_out_proj.alpha,torch.Size([1])
10,lora_te_text_model_encoder_layers_0_self_attn_out_proj.lora_down.weight,"torch.Size([64, 768])"
11,lora_te_text_model_encoder_layers_0_self_attn_out_proj.lora_up.weight,"torch.Size([768, 64])"
12,lora_te_text_model_encoder_layers_0_self_attn_q_proj.alpha,torch.Size([1])
13,lora_te_text_model_encoder_layers_0_self_attn_q_proj.lora_down.weight,"torch.Size([64, 768])"
14,lora_te_text_model_encoder_layers_0_self_attn_q_proj.lora_up.weight,"torch.Size([768, 64])"
15,lora_te_text_model_encoder_layers_0_self_attn_v_proj.alpha,torch.Size([1])
16,lora_te_text_model_encoder_layers_0_self_attn_v_proj.lora_down.weight,"torch.Size([64, 768])"
17,lora_te_text_model_encoder_layers_0_self_attn_v_proj.lora_up.weight,"torch.Size([768, 64])"
18,lora_te_text_model_encoder_layers_10_mlp_fc1.alpha,torch.Size([1])
19,lora_te_text_model_encoder_layers_10_mlp_fc1.lora_down.weight,"torch.Size([64, 768])"
20,lora_te_text_model_encoder_layers_10_mlp_fc1.lora_up.weight,"torch.Size([3072, 64])"
21,lora_te_text_model_encoder_layers_10_mlp_fc2.alpha,torch.Size([1])
22,lora_te_text_model_encoder_layers_10_mlp_fc2.lora_down.weight,"torch.Size([64, 3072])"
23,lora_te_text_model_encoder_layers_10_mlp_fc2.lora_up.weight,"torch.Size([768, 64])"
24,lora_te_text_model_encoder_layers_10_self_attn_k_proj.alpha,torch.Size([1])
25,lora_te_text_model_encoder_layers_10_self_attn_k_proj.lora_down.weight,"torch.Size([64, 768])"
26,lora_te_text_model_encoder_layers_10_self_attn_k_proj.lora_up.weight,"torch.Size([768, 64])"
27,lora_te_text_model_encoder_layers_10_self_attn_out_proj.alpha,torch.Size([1])
28,lora_te_text_model_encoder_layers_10_self_attn_out_proj.lora_down.weight,"torch.Size([64, 768])"
29,lora_te_text_model_encoder_layers_10_self_attn_out_proj.lora_up.weight,"torch.Size([768, 64])"
30,lora_te_text_model_encoder_layers_10_self_attn_q_proj.alpha,torch.Size([1])
31,lora_te_text_model_encoder_layers_10_self_attn_q_proj.lora_down.weight,"torch.Size([64, 768])"
32,lora_te_text_model_encoder_layers_10_self_attn_q_proj.lora_up.weight,"torch.Size([768, 64])"
33,lora_te_text_model_encoder_layers_10_self_attn_v_proj.alpha,torch.Size([1])
34,lora_te_text_model_encoder_layers_10_self_attn_v_proj.lora_down.weight,"torch.Size([64, 768])"
35,lora_te_text_model_encoder_layers_10_self_attn_v_proj.lora_up.weight,"torch.Size([768, 64])"
36,lora_te_text_model_encoder_layers_11_mlp_fc1.alpha,torch.Size([1])
37,lora_te_text_model_encoder_layers_11_mlp_fc1.lora_down.weight,"torch.Size([64, 768])"
38,lora_te_text_model_encoder_layers_11_mlp_fc1.lora_up.weight,"torch.Size([3072, 64])"
39,lora_te_text_model_encoder_layers_11_mlp_fc2.alpha,torch.Size([1])
40,lora_te_text_model_encoder_layers_11_mlp_fc2.lora_down.weight,"torch.Size([64, 3072])"
41,lora_te_text_model_encoder_layers_11_mlp_fc2.lora_up.weight,"torch.Size([768, 64])"
42,lora_te_text_model_encoder_layers_11_self_attn_k_proj.alpha,torch.Size([1])
43,lora_te_text_model_encoder_layers_11_self_attn_k_proj.lora_down.weight,"torch.Size([64, 768])"
44,lora_te_text_model_encoder_layers_11_self_attn_k_proj.lora_up.weight,"torch.Size([768, 64])"
45,lora_te_text_model_encoder_layers_11_self_attn_out_proj.alpha,torch.Size([1])
46,lora_te_text_model_encoder_layers_11_self_attn_out_proj.lora_down.weight,"torch.Size([64, 768])"
47,lora_te_text_model_encoder_layers_11_self_attn_out_proj.lora_up.weight,"torch.Size([768, 64])"
48,lora_te_text_model_encoder_layers_11_self_attn_q_proj.alpha,torch.Size([1])
49,lora_te_text_model_encoder_layers_11_self_attn_q_proj.lora_down.weight,"torch.Size([64, 768])"
50,lora_te_text_model_encoder_layers_11_self_attn_q_proj.lora_up.weight,"torch.Size([768, 64])"
51,lora_te_text_model_encoder_layers_11_self_attn_v_proj.alpha,torch.Size([1])
52,lora_te_text_model_encoder_layers_11_self_attn_v_proj.lora_down.weight,"torch.Size([64, 768])"
53,lora_te_text_model_encoder_layers_11_self_attn_v_proj.lora_up.weight,"torch.Size([768, 64])"
54,lora_te_text_model_encoder_layers_1_mlp_fc1.alpha,torch.Size([1])
55,lora_te_text_model_encoder_layers_1_mlp_fc1.lora_down.weight,"torch.Size([64, 768])"
56,lora_te_text_model_encoder_layers_1_mlp_fc1.lora_up.weight,"torch.Size([3072, 64])"
57,lora_te_text_model_encoder_layers_1_mlp_fc2.alpha,torch.Size([1])
58,lora_te_text_model_encoder_layers_1_mlp_fc2.lora_down.weight,"torch.Size([64, 3072])"
59,lora_te_text_model_encoder_layers_1_mlp_fc2.lora_up.weight,"torch.Size([768, 64])"
60,lora_te_text_model_encoder_layers_1_self_attn_k_proj.alpha,torch.Size([1])
61,lora_te_text_model_encoder_layers_1_self_attn_k_proj.lora_down.weight,"torch.Size([64, 768])"
62,lora_te_text_model_encoder_layers_1_self_attn_k_proj.lora_up.weight,"torch.Size([768, 64])"
63,lora_te_text_model_encoder_layers_1_self_attn_out_proj.alpha,torch.Size([1])
64,lora_te_text_model_encoder_layers_1_self_attn_out_proj.lora_down.weight,"torch.Size([64, 768])"
65,lora_te_text_model_encoder_layers_1_self_attn_out_proj.lora_up.weight,"torch.Size([768, 64])"
66,lora_te_text_model_encoder_layers_1_self_attn_q_proj.alpha,torch.Size([1])
67,lora_te_text_model_encoder_layers_1_self_attn_q_proj.lora_down.weight,"torch.Size([64, 768])"
68,lora_te_text_model_encoder_layers_1_self_attn_q_proj.lora_up.weight,"torch.Size([768, 64])"
69,lora_te_text_model_encoder_layers_1_self_attn_v_proj.alpha,torch.Size([1])
70,lora_te_text_model_encoder_layers_1_self_attn_v_proj.lora_down.weight,"torch.Size([64, 768])"
71,lora_te_text_model_encoder_layers_1_self_attn_v_proj.lora_up.weight,"torch.Size([768, 64])"
72,lora_te_text_model_encoder_layers_2_mlp_fc1.alpha,torch.Size([1])
73,lora_te_text_model_encoder_layers_2_mlp_fc1.lora_down.weight,"torch.Size([64, 768])"
74,lora_te_text_model_encoder_layers_2_mlp_fc1.lora_up.weight,"torch.Size([3072, 64])"
75,lora_te_text_model_encoder_layers_2_mlp_fc2.alpha,torch.Size([1])
76,lora_te_text_model_encoder_layers_2_mlp_fc2.lora_down.weight,"torch.Size([64, 3072])"
77,lora_te_text_model_encoder_layers_2_mlp_fc2.lora_up.weight,"torch.Size([768, 64])"
78,lora_te_text_model_encoder_layers_2_self_attn_k_proj.alpha,torch.Size([1])
79,lora_te_text_model_encoder_layers_2_self_attn_k_proj.lora_down.weight,"torch.Size([64, 768])"
80,lora_te_text_model_encoder_layers_2_self_attn_k_proj.lora_up.weight,"torch.Size([768, 64])"
81,lora_te_text_model_encoder_layers_2_self_attn_out_proj.alpha,torch.Size([1])
82,lora_te_text_model_encoder_layers_2_self_attn_out_proj.lora_down.weight,"torch.Size([64, 768])"
83,lora_te_text_model_encoder_layers_2_self_attn_out_proj.lora_up.weight,"torch.Size([768, 64])"
84,lora_te_text_model_encoder_layers_2_self_attn_q_proj.alpha,torch.Size([1])
85,lora_te_text_model_encoder_layers_2_self_attn_q_proj.lora_down.weight,"torch.Size([64, 768])"
86,lora_te_text_model_encoder_layers_2_self_attn_q_proj.lora_up.weight,"torch.Size([768, 64])"
87,lora_te_text_model_encoder_layers_2_self_attn_v_proj.alpha,torch.Size([1])
88,lora_te_text_model_encoder_layers_2_self_attn_v_proj.lora_down.weight,"torch.Size([64, 768])"
89,lora_te_text_model_encoder_layers_2_self_attn_v_proj.lora_up.weight,"torch.Size([768, 64])"
90,lora_te_text_model_encoder_layers_3_mlp_fc1.alpha,torch.Size([1])
91,lora_te_text_model_encoder_layers_3_mlp_fc1.lora_down.weight,"torch.Size([64, 768])"
92,lora_te_text_model_encoder_layers_3_mlp_fc1.lora_up.weight,"torch.Size([3072, 64])"
93,lora_te_text_model_encoder_layers_3_mlp_fc2.alpha,torch.Size([1])
94,lora_te_text_model_encoder_layers_3_mlp_fc2.lora_down.weight,"torch.Size([64, 3072])"
95,lora_te_text_model_encoder_layers_3_mlp_fc2.lora_up.weight,"torch.Size([768, 64])"
96,lora_te_text_model_encoder_layers_3_self_attn_k_proj.alpha,torch.Size([1])
97,lora_te_text_model_encoder_layers_3_self_attn_k_proj.lora_down.weight,"torch.Size([64, 768])"
98,lora_te_text_model_encoder_layers_3_self_attn_k_proj.lora_up.weight,"torch.Size([768, 64])"
99,lora_te_text_model_encoder_layers_3_self_attn_out_proj.alpha,torch.Size([1])
100,lora_te_text_model_encoder_layers_3_self_attn_out_proj.lora_down.weight,"torch.Size([64, 768])"
101,lora_te_text_model_encoder_layers_3_self_attn_out_proj.lora_up.weight,"torch.Size([768, 64])"
102,lora_te_text_model_encoder_layers_3_self_attn_q_proj.alpha,torch.Size([1])
103,lora_te_text_model_encoder_layers_3_self_attn_q_proj.lora_down.weight,"torch.Size([64, 768])"
104,lora_te_text_model_encoder_layers_3_self_attn_q_proj.lora_up.weight,"torch.Size([768, 64])"
105,lora_te_text_model_encoder_layers_3_self_attn_v_proj.alpha,torch.Size([1])
106,lora_te_text_model_encoder_layers_3_self_attn_v_proj.lora_down.weight,"torch.Size([64, 768])"
107,lora_te_text_model_encoder_layers_3_self_attn_v_proj.lora_up.weight,"torch.Size([768, 64])"
108,lora_te_text_model_encoder_layers_4_mlp_fc1.alpha,torch.Size([1])
109,lora_te_text_model_encoder_layers_4_mlp_fc1.lora_down.weight,"torch.Size([64, 768])"
110,lora_te_text_model_encoder_layers_4_mlp_fc1.lora_up.weight,"torch.Size([3072, 64])"
111,lora_te_text_model_encoder_layers_4_mlp_fc2.alpha,torch.Size([1])
112,lora_te_text_model_encoder_layers_4_mlp_fc2.lora_down.weight,"torch.Size([64, 3072])"
113,lora_te_text_model_encoder_layers_4_mlp_fc2.lora_up.weight,"torch.Size([768, 64])"
114,lora_te_text_model_encoder_layers_4_self_attn_k_proj.alpha,torch.Size([1])
115,lora_te_text_model_encoder_layers_4_self_attn_k_proj.lora_down.weight,"torch.Size([64, 768])"
116,lora_te_text_model_encoder_layers_4_self_attn_k_proj.lora_up.weight,"torch.Size([768, 64])"
117,lora_te_text_model_encoder_layers_4_self_attn_out_proj.alpha,torch.Size([1])
118,lora_te_text_model_encoder_layers_4_self_attn_out_proj.lora_down.weight,"torch.Size([64, 768])"
119,lora_te_text_model_encoder_layers_4_self_attn_out_proj.lora_up.weight,"torch.Size([768, 64])"
120,lora_te_text_model_encoder_layers_4_self_attn_q_proj.alpha,torch.Size([1])
121,lora_te_text_model_encoder_layers_4_self_attn_q_proj.lora_down.weight,"torch.Size([64, 768])"
122,lora_te_text_model_encoder_layers_4_self_attn_q_proj.lora_up.weight,"torch.Size([768, 64])"
123,lora_te_text_model_encoder_layers_4_self_attn_v_proj.alpha,torch.Size([1])
124,lora_te_text_model_encoder_layers_4_self_attn_v_proj.lora_down.weight,"torch.Size([64, 768])"
125,lora_te_text_model_encoder_layers_4_self_attn_v_proj.lora_up.weight,"torch.Size([768, 64])"
126,lora_te_text_model_encoder_layers_5_mlp_fc1.alpha,torch.Size([1])
127,lora_te_text_model_encoder_layers_5_mlp_fc1.lora_down.weight,"torch.Size([64, 768])"
128,lora_te_text_model_encoder_layers_5_mlp_fc1.lora_up.weight,"torch.Size([3072, 64])"
129,lora_te_text_model_encoder_layers_5_mlp_fc2.alpha,torch.Size([1])
130,lora_te_text_model_encoder_layers_5_mlp_fc2.lora_down.weight,"torch.Size([64, 3072])"
131,lora_te_text_model_encoder_layers_5_mlp_fc2.lora_up.weight,"torch.Size([768, 64])"
132,lora_te_text_model_encoder_layers_5_self_attn_k_proj.alpha,torch.Size([1])
133,lora_te_text_model_encoder_layers_5_self_attn_k_proj.lora_down.weight,"torch.Size([64, 768])"
134,lora_te_text_model_encoder_layers_5_self_attn_k_proj.lora_up.weight,"torch.Size([768, 64])"
135,lora_te_text_model_encoder_layers_5_self_attn_out_proj.alpha,torch.Size([1])
136,lora_te_text_model_encoder_layers_5_self_attn_out_proj.lora_down.weight,"torch.Size([64, 768])"
137,lora_te_text_model_encoder_layers_5_self_attn_out_proj.lora_up.weight,"torch.Size([768, 64])"
138,lora_te_text_model_encoder_layers_5_self_attn_q_proj.alpha,torch.Size([1])
139,lora_te_text_model_encoder_layers_5_self_attn_q_proj.lora_down.weight,"torch.Size([64, 768])"
140,lora_te_text_model_encoder_layers_5_self_attn_q_proj.lora_up.weight,"torch.Size([768, 64])"
141,lora_te_text_model_encoder_layers_5_self_attn_v_proj.alpha,torch.Size([1])
142,lora_te_text_model_encoder_layers_5_self_attn_v_proj.lora_down.weight,"torch.Size([64, 768])"
143,lora_te_text_model_encoder_layers_5_self_attn_v_proj.lora_up.weight,"torch.Size([768, 64])"
144,lora_te_text_model_encoder_layers_6_mlp_fc1.alpha,torch.Size([1])
145,lora_te_text_model_encoder_layers_6_mlp_fc1.lora_down.weight,"torch.Size([64, 768])"
146,lora_te_text_model_encoder_layers_6_mlp_fc1.lora_up.weight,"torch.Size([3072, 64])"
147,lora_te_text_model_encoder_layers_6_mlp_fc2.alpha,torch.Size([1])
148,lora_te_text_model_encoder_layers_6_mlp_fc2.lora_down.weight,"torch.Size([64, 3072])"
149,lora_te_text_model_encoder_layers_6_mlp_fc2.lora_up.weight,"torch.Size([768, 64])"
150,lora_te_text_model_encoder_layers_6_self_attn_k_proj.alpha,torch.Size([1])
151,lora_te_text_model_encoder_layers_6_self_attn_k_proj.lora_down.weight,"torch.Size([64, 768])"
152,lora_te_text_model_encoder_layers_6_self_attn_k_proj.lora_up.weight,"torch.Size([768, 64])"
153,lora_te_text_model_encoder_layers_6_self_attn_out_proj.alpha,torch.Size([1])
154,lora_te_text_model_encoder_layers_6_self_attn_out_proj.lora_down.weight,"torch.Size([64, 768])"
155,lora_te_text_model_encoder_layers_6_self_attn_out_proj.lora_up.weight,"torch.Size([768, 64])"
156,lora_te_text_model_encoder_layers_6_self_attn_q_proj.alpha,torch.Size([1])
157,lora_te_text_model_encoder_layers_6_self_attn_q_proj.lora_down.weight,"torch.Size([64, 768])"
158,lora_te_text_model_encoder_layers_6_self_attn_q_proj.lora_up.weight,"torch.Size([768, 64])"
159,lora_te_text_model_encoder_layers_6_self_attn_v_proj.alpha,torch.Size([1])
160,lora_te_text_model_encoder_layers_6_self_attn_v_proj.lora_down.weight,"torch.Size([64, 768])"
161,lora_te_text_model_encoder_layers_6_self_attn_v_proj.lora_up.weight,"torch.Size([768, 64])"
162,lora_te_text_model_encoder_layers_7_mlp_fc1.alpha,torch.Size([1])
163,lora_te_text_model_encoder_layers_7_mlp_fc1.lora_down.weight,"torch.Size([64, 768])"
164,lora_te_text_model_encoder_layers_7_mlp_fc1.lora_up.weight,"torch.Size([3072, 64])"
165,lora_te_text_model_encoder_layers_7_mlp_fc2.alpha,torch.Size([1])
166,lora_te_text_model_encoder_layers_7_mlp_fc2.lora_down.weight,"torch.Size([64, 3072])"
167,lora_te_text_model_encoder_layers_7_mlp_fc2.lora_up.weight,"torch.Size([768, 64])"
168,lora_te_text_model_encoder_layers_7_self_attn_k_proj.alpha,torch.Size([1])
169,lora_te_text_model_encoder_layers_7_self_attn_k_proj.lora_down.weight,"torch.Size([64, 768])"
170,lora_te_text_model_encoder_layers_7_self_attn_k_proj.lora_up.weight,"torch.Size([768, 64])"
171,lora_te_text_model_encoder_layers_7_self_attn_out_proj.alpha,torch.Size([1])
172,lora_te_text_model_encoder_layers_7_self_attn_out_proj.lora_down.weight,"torch.Size([64, 768])"
173,lora_te_text_model_encoder_layers_7_self_attn_out_proj.lora_up.weight,"torch.Size([768, 64])"
174,lora_te_text_model_encoder_layers_7_self_attn_q_proj.alpha,torch.Size([1])
175,lora_te_text_model_encoder_layers_7_self_attn_q_proj.lora_down.weight,"torch.Size([64, 768])"
176,lora_te_text_model_encoder_layers_7_self_attn_q_proj.lora_up.weight,"torch.Size([768, 64])"
177,lora_te_text_model_encoder_layers_7_self_attn_v_proj.alpha,torch.Size([1])
178,lora_te_text_model_encoder_layers_7_self_attn_v_proj.lora_down.weight,"torch.Size([64, 768])"
179,lora_te_text_model_encoder_layers_7_self_attn_v_proj.lora_up.weight,"torch.Size([768, 64])"
180,lora_te_text_model_encoder_layers_8_mlp_fc1.alpha,torch.Size([1])
181,lora_te_text_model_encoder_layers_8_mlp_fc1.lora_down.weight,"torch.Size([64, 768])"
182,lora_te_text_model_encoder_layers_8_mlp_fc1.lora_up.weight,"torch.Size([3072, 64])"
183,lora_te_text_model_encoder_layers_8_mlp_fc2.alpha,torch.Size([1])
184,lora_te_text_model_encoder_layers_8_mlp_fc2.lora_down.weight,"torch.Size([64, 3072])"
185,lora_te_text_model_encoder_layers_8_mlp_fc2.lora_up.weight,"torch.Size([768, 64])"
186,lora_te_text_model_encoder_layers_8_self_attn_k_proj.alpha,torch.Size([1])
187,lora_te_text_model_encoder_layers_8_self_attn_k_proj.lora_down.weight,"torch.Size([64, 768])"
188,lora_te_text_model_encoder_layers_8_self_attn_k_proj.lora_up.weight,"torch.Size([768, 64])"
189,lora_te_text_model_encoder_layers_8_self_attn_out_proj.alpha,torch.Size([1])
190,lora_te_text_model_encoder_layers_8_self_attn_out_proj.lora_down.weight,"torch.Size([64, 768])"
191,lora_te_text_model_encoder_layers_8_self_attn_out_proj.lora_up.weight,"torch.Size([768, 64])"
192,lora_te_text_model_encoder_layers_8_self_attn_q_proj.alpha,torch.Size([1])
193,lora_te_text_model_encoder_layers_8_self_attn_q_proj.lora_down.weight,"torch.Size([64, 768])"
194,lora_te_text_model_encoder_layers_8_self_attn_q_proj.lora_up.weight,"torch.Size([768, 64])"
195,lora_te_text_model_encoder_layers_8_self_attn_v_proj.alpha,torch.Size([1])
196,lora_te_text_model_encoder_layers_8_self_attn_v_proj.lora_down.weight,"torch.Size([64, 768])"
197,lora_te_text_model_encoder_layers_8_self_attn_v_proj.lora_up.weight,"torch.Size([768, 64])"
198,lora_te_text_model_encoder_layers_9_mlp_fc1.alpha,torch.Size([1])
199,lora_te_text_model_encoder_layers_9_mlp_fc1.lora_down.weight,"torch.Size([64, 768])"
200,lora_te_text_model_encoder_layers_9_mlp_fc1.lora_up.weight,"torch.Size([3072, 64])"
201,lora_te_text_model_encoder_layers_9_mlp_fc2.alpha,torch.Size([1])
202,lora_te_text_model_encoder_layers_9_mlp_fc2.lora_down.weight,"torch.Size([64, 3072])"
203,lora_te_text_model_encoder_layers_9_mlp_fc2.lora_up.weight,"torch.Size([768, 64])"
204,lora_te_text_model_encoder_layers_9_self_attn_k_proj.alpha,torch.Size([1])
205,lora_te_text_model_encoder_layers_9_self_attn_k_proj.lora_down.weight,"torch.Size([64, 768])"
206,lora_te_text_model_encoder_layers_9_self_attn_k_proj.lora_up.weight,"torch.Size([768, 64])"
207,lora_te_text_model_encoder_layers_9_self_attn_out_proj.alpha,torch.Size([1])
208,lora_te_text_model_encoder_layers_9_self_attn_out_proj.lora_down.weight,"torch.Size([64, 768])"
209,lora_te_text_model_encoder_layers_9_self_attn_out_proj.lora_up.weight,"torch.Size([768, 64])"
210,lora_te_text_model_encoder_layers_9_self_attn_q_proj.alpha,torch.Size([1])
211,lora_te_text_model_encoder_layers_9_self_attn_q_proj.lora_down.weight,"torch.Size([64, 768])"
212,lora_te_text_model_encoder_layers_9_self_attn_q_proj.lora_up.weight,"torch.Size([768, 64])"
213,lora_te_text_model_encoder_layers_9_self_attn_v_proj.alpha,torch.Size([1])
214,lora_te_text_model_encoder_layers_9_self_attn_v_proj.lora_down.weight,"torch.Size([64, 768])"
215,lora_te_text_model_encoder_layers_9_self_attn_v_proj.lora_up.weight,"torch.Size([768, 64])"
216,lora_unet_conv_in.alpha,torch.Size([1])
217,lora_unet_conv_in.lora_down.weight,"torch.Size([4, 4, 1, 1])"
218,lora_unet_conv_in.lora_mid.weight,"torch.Size([4, 4, 3, 3])"
219,lora_unet_conv_in.lora_up.weight,"torch.Size([320, 4, 1, 1])"
220,lora_unet_conv_out.diff,"torch.Size([4, 320, 3, 3])"
221,lora_unet_down_blocks_0_attentions_0_transformer_blocks_0_attn1_to_k.alpha,torch.Size([1])
222,lora_unet_down_blocks_0_attentions_0_transformer_blocks_0_attn1_to_k.lora_down.weight,"torch.Size([64, 320])"
223,lora_unet_down_blocks_0_attentions_0_transformer_blocks_0_attn1_to_k.lora_up.weight,"torch.Size([320, 64])"
224,lora_unet_down_blocks_0_attentions_0_transformer_blocks_0_attn1_to_out_0.alpha,torch.Size([1])
225,lora_unet_down_blocks_0_attentions_0_transformer_blocks_0_attn1_to_out_0.lora_down.weight,"torch.Size([64, 320])"
226,lora_unet_down_blocks_0_attentions_0_transformer_blocks_0_attn1_to_out_0.lora_up.weight,"torch.Size([320, 64])"
227,lora_unet_down_blocks_0_attentions_0_transformer_blocks_0_attn1_to_q.alpha,torch.Size([1])
228,lora_unet_down_blocks_0_attentions_0_transformer_blocks_0_attn1_to_q.lora_down.weight,"torch.Size([64, 320])"
229,lora_unet_down_blocks_0_attentions_0_transformer_blocks_0_attn1_to_q.lora_up.weight,"torch.Size([320, 64])"
230,lora_unet_down_blocks_0_attentions_0_transformer_blocks_0_attn1_to_v.alpha,torch.Size([1])
231,lora_unet_down_blocks_0_attentions_0_transformer_blocks_0_attn1_to_v.lora_down.weight,"torch.Size([64, 320])"
232,lora_unet_down_blocks_0_attentions_0_transformer_blocks_0_attn1_to_v.lora_up.weight,"torch.Size([320, 64])"
233,lora_unet_down_blocks_0_attentions_0_transformer_blocks_0_attn2_to_k.alpha,torch.Size([1])
234,lora_unet_down_blocks_0_attentions_0_transformer_blocks_0_attn2_to_k.lora_down.weight,"torch.Size([64, 768])"
235,lora_unet_down_blocks_0_attentions_0_transformer_blocks_0_attn2_to_k.lora_up.weight,"torch.Size([320, 64])"
236,lora_unet_down_blocks_0_attentions_0_transformer_blocks_0_attn2_to_out_0.alpha,torch.Size([1])
237,lora_unet_down_blocks_0_attentions_0_transformer_blocks_0_attn2_to_out_0.lora_down.weight,"torch.Size([64, 320])"
238,lora_unet_down_blocks_0_attentions_0_transformer_blocks_0_attn2_to_out_0.lora_up.weight,"torch.Size([320, 64])"
239,lora_unet_down_blocks_0_attentions_0_transformer_blocks_0_attn2_to_q.alpha,torch.Size([1])
240,lora_unet_down_blocks_0_attentions_0_transformer_blocks_0_attn2_to_q.lora_down.weight,"torch.Size([64, 320])"
241,lora_unet_down_blocks_0_attentions_0_transformer_blocks_0_attn2_to_q.lora_up.weight,"torch.Size([320, 64])"
242,lora_unet_down_blocks_0_attentions_0_transformer_blocks_0_attn2_to_v.alpha,torch.Size([1])
243,lora_unet_down_blocks_0_attentions_0_transformer_blocks_0_attn2_to_v.lora_down.weight,"torch.Size([64, 768])"
244,lora_unet_down_blocks_0_attentions_0_transformer_blocks_0_attn2_to_v.lora_up.weight,"torch.Size([320, 64])"
245,lora_unet_down_blocks_0_attentions_1_transformer_blocks_0_attn1_to_k.alpha,torch.Size([1])
246,lora_unet_down_blocks_0_attentions_1_transformer_blocks_0_attn1_to_k.lora_down.weight,"torch.Size([64, 320])"
247,lora_unet_down_blocks_0_attentions_1_transformer_blocks_0_attn1_to_k.lora_up.weight,"torch.Size([320, 64])"
248,lora_unet_down_blocks_0_attentions_1_transformer_blocks_0_attn1_to_out_0.alpha,torch.Size([1])
249,lora_unet_down_blocks_0_attentions_1_transformer_blocks_0_attn1_to_out_0.lora_down.weight,"torch.Size([64, 320])"
250,lora_unet_down_blocks_0_attentions_1_transformer_blocks_0_attn1_to_out_0.lora_up.weight,"torch.Size([320, 64])"
251,lora_unet_down_blocks_0_attentions_1_transformer_blocks_0_attn1_to_q.alpha,torch.Size([1])
252,lora_unet_down_blocks_0_attentions_1_transformer_blocks_0_attn1_to_q.lora_down.weight,"torch.Size([64, 320])"
253,lora_unet_down_blocks_0_attentions_1_transformer_blocks_0_attn1_to_q.lora_up.weight,"torch.Size([320, 64])"
254,lora_unet_down_blocks_0_attentions_1_transformer_blocks_0_attn1_to_v.alpha,torch.Size([1])
255,lora_unet_down_blocks_0_attentions_1_transformer_blocks_0_attn1_to_v.lora_down.weight,"torch.Size([64, 320])"
256,lora_unet_down_blocks_0_attentions_1_transformer_blocks_0_attn1_to_v.lora_up.weight,"torch.Size([320, 64])"
257,lora_unet_down_blocks_0_attentions_1_transformer_blocks_0_attn2_to_k.alpha,torch.Size([1])
258,lora_unet_down_blocks_0_attentions_1_transformer_blocks_0_attn2_to_k.lora_down.weight,"torch.Size([64, 768])"
259,lora_unet_down_blocks_0_attentions_1_transformer_blocks_0_attn2_to_k.lora_up.weight,"torch.Size([320, 64])"
260,lora_unet_down_blocks_0_attentions_1_transformer_blocks_0_attn2_to_out_0.alpha,torch.Size([1])
261,lora_unet_down_blocks_0_attentions_1_transformer_blocks_0_attn2_to_out_0.lora_down.weight,"torch.Size([64, 320])"
262,lora_unet_down_blocks_0_attentions_1_transformer_blocks_0_attn2_to_out_0.lora_up.weight,"torch.Size([320, 64])"
263,lora_unet_down_blocks_0_attentions_1_transformer_blocks_0_attn2_to_q.alpha,torch.Size([1])
264,lora_unet_down_blocks_0_attentions_1_transformer_blocks_0_attn2_to_q.lora_down.weight,"torch.Size([64, 320])"
265,lora_unet_down_blocks_0_attentions_1_transformer_blocks_0_attn2_to_q.lora_up.weight,"torch.Size([320, 64])"
266,lora_unet_down_blocks_0_attentions_1_transformer_blocks_0_attn2_to_v.alpha,torch.Size([1])
267,lora_unet_down_blocks_0_attentions_1_transformer_blocks_0_attn2_to_v.lora_down.weight,"torch.Size([64, 768])"
268,lora_unet_down_blocks_0_attentions_1_transformer_blocks_0_attn2_to_v.lora_up.weight,"torch.Size([320, 64])"
269,lora_unet_down_blocks_1_attentions_0_transformer_blocks_0_attn1_to_k.alpha,torch.Size([1])
270,lora_unet_down_blocks_1_attentions_0_transformer_blocks_0_attn1_to_k.lora_down.weight,"torch.Size([64, 640])"
271,lora_unet_down_blocks_1_attentions_0_transformer_blocks_0_attn1_to_k.lora_up.weight,"torch.Size([640, 64])"
272,lora_unet_down_blocks_1_attentions_0_transformer_blocks_0_attn1_to_out_0.alpha,torch.Size([1])
273,lora_unet_down_blocks_1_attentions_0_transformer_blocks_0_attn1_to_out_0.lora_down.weight,"torch.Size([64, 640])"
274,lora_unet_down_blocks_1_attentions_0_transformer_blocks_0_attn1_to_out_0.lora_up.weight,"torch.Size([640, 64])"
275,lora_unet_down_blocks_1_attentions_0_transformer_blocks_0_attn1_to_q.alpha,torch.Size([1])
276,lora_unet_down_blocks_1_attentions_0_transformer_blocks_0_attn1_to_q.lora_down.weight,"torch.Size([64, 640])"
277,lora_unet_down_blocks_1_attentions_0_transformer_blocks_0_attn1_to_q.lora_up.weight,"torch.Size([640, 64])"
278,lora_unet_down_blocks_1_attentions_0_transformer_blocks_0_attn1_to_v.alpha,torch.Size([1])
279,lora_unet_down_blocks_1_attentions_0_transformer_blocks_0_attn1_to_v.lora_down.weight,"torch.Size([64, 640])"
280,lora_unet_down_blocks_1_attentions_0_transformer_blocks_0_attn1_to_v.lora_up.weight,"torch.Size([640, 64])"
281,lora_unet_down_blocks_1_attentions_0_transformer_blocks_0_attn2_to_k.alpha,torch.Size([1])
282,lora_unet_down_blocks_1_attentions_0_transformer_blocks_0_attn2_to_k.lora_down.weight,"torch.Size([64, 768])"
283,lora_unet_down_blocks_1_attentions_0_transformer_blocks_0_attn2_to_k.lora_up.weight,"torch.Size([640, 64])"
284,lora_unet_down_blocks_1_attentions_0_transformer_blocks_0_attn2_to_out_0.alpha,torch.Size([1])
285,lora_unet_down_blocks_1_attentions_0_transformer_blocks_0_attn2_to_out_0.lora_down.weight,"torch.Size([64, 640])"
286,lora_unet_down_blocks_1_attentions_0_transformer_blocks_0_attn2_to_out_0.lora_up.weight,"torch.Size([640, 64])"
287,lora_unet_down_blocks_1_attentions_0_transformer_blocks_0_attn2_to_q.alpha,torch.Size([1])
288,lora_unet_down_blocks_1_attentions_0_transformer_blocks_0_attn2_to_q.lora_down.weight,"torch.Size([64, 640])"
289,lora_unet_down_blocks_1_attentions_0_transformer_blocks_0_attn2_to_q.lora_up.weight,"torch.Size([640, 64])"
290,lora_unet_down_blocks_1_attentions_0_transformer_blocks_0_attn2_to_v.alpha,torch.Size([1])
291,lora_unet_down_blocks_1_attentions_0_transformer_blocks_0_attn2_to_v.lora_down.weight,"torch.Size([64, 768])"
292,lora_unet_down_blocks_1_attentions_0_transformer_blocks_0_attn2_to_v.lora_up.weight,"torch.Size([640, 64])"
293,lora_unet_down_blocks_1_attentions_1_transformer_blocks_0_attn1_to_k.alpha,torch.Size([1])
294,lora_unet_down_blocks_1_attentions_1_transformer_blocks_0_attn1_to_k.lora_down.weight,"torch.Size([64, 640])"
295,lora_unet_down_blocks_1_attentions_1_transformer_blocks_0_attn1_to_k.lora_up.weight,"torch.Size([640, 64])"
296,lora_unet_down_blocks_1_attentions_1_transformer_blocks_0_attn1_to_out_0.alpha,torch.Size([1])
297,lora_unet_down_blocks_1_attentions_1_transformer_blocks_0_attn1_to_out_0.lora_down.weight,"torch.Size([64, 640])"
298,lora_unet_down_blocks_1_attentions_1_transformer_blocks_0_attn1_to_out_0.lora_up.weight,"torch.Size([640, 64])"
299,lora_unet_down_blocks_1_attentions_1_transformer_blocks_0_attn1_to_q.alpha,torch.Size([1])
300,lora_unet_down_blocks_1_attentions_1_transformer_blocks_0_attn1_to_q.lora_down.weight,"torch.Size([64, 640])"
301,lora_unet_down_blocks_1_attentions_1_transformer_blocks_0_attn1_to_q.lora_up.weight,"torch.Size([640, 64])"
302,lora_unet_down_blocks_1_attentions_1_transformer_blocks_0_attn1_to_v.alpha,torch.Size([1])
303,lora_unet_down_blocks_1_attentions_1_transformer_blocks_0_attn1_to_v.lora_down.weight,"torch.Size([64, 640])"
304,lora_unet_down_blocks_1_attentions_1_transformer_blocks_0_attn1_to_v.lora_up.weight,"torch.Size([640, 64])"
305,lora_unet_down_blocks_1_attentions_1_transformer_blocks_0_attn2_to_k.alpha,torch.Size([1])
306,lora_unet_down_blocks_1_attentions_1_transformer_blocks_0_attn2_to_k.lora_down.weight,"torch.Size([64, 768])"
307,lora_unet_down_blocks_1_attentions_1_transformer_blocks_0_attn2_to_k.lora_up.weight,"torch.Size([640, 64])"
308,lora_unet_down_blocks_1_attentions_1_transformer_blocks_0_attn2_to_out_0.alpha,torch.Size([1])
309,lora_unet_down_blocks_1_attentions_1_transformer_blocks_0_attn2_to_out_0.lora_down.weight,"torch.Size([64, 640])"
310,lora_unet_down_blocks_1_attentions_1_transformer_blocks_0_attn2_to_out_0.lora_up.weight,"torch.Size([640, 64])"
311,lora_unet_down_blocks_1_attentions_1_transformer_blocks_0_attn2_to_q.alpha,torch.Size([1])
312,lora_unet_down_blocks_1_attentions_1_transformer_blocks_0_attn2_to_q.lora_down.weight,"torch.Size([64, 640])"
313,lora_unet_down_blocks_1_attentions_1_transformer_blocks_0_attn2_to_q.lora_up.weight,"torch.Size([640, 64])"
314,lora_unet_down_blocks_1_attentions_1_transformer_blocks_0_attn2_to_v.alpha,torch.Size([1])
315,lora_unet_down_blocks_1_attentions_1_transformer_blocks_0_attn2_to_v.lora_down.weight,"torch.Size([64, 768])"
316,lora_unet_down_blocks_1_attentions_1_transformer_blocks_0_attn2_to_v.lora_up.weight,"torch.Size([640, 64])"
317,lora_unet_down_blocks_2_attentions_0_transformer_blocks_0_attn1_to_k.alpha,torch.Size([1])
318,lora_unet_down_blocks_2_attentions_0_transformer_blocks_0_attn1_to_k.lora_down.weight,"torch.Size([64, 1280])"
319,lora_unet_down_blocks_2_attentions_0_transformer_blocks_0_attn1_to_k.lora_up.weight,"torch.Size([1280, 64])"
320,lora_unet_down_blocks_2_attentions_0_transformer_blocks_0_attn1_to_out_0.alpha,torch.Size([1])
321,lora_unet_down_blocks_2_attentions_0_transformer_blocks_0_attn1_to_out_0.lora_down.weight,"torch.Size([64, 1280])"
322,lora_unet_down_blocks_2_attentions_0_transformer_blocks_0_attn1_to_out_0.lora_up.weight,"torch.Size([1280, 64])"
323,lora_unet_down_blocks_2_attentions_0_transformer_blocks_0_attn1_to_q.alpha,torch.Size([1])
324,lora_unet_down_blocks_2_attentions_0_transformer_blocks_0_attn1_to_q.lora_down.weight,"torch.Size([64, 1280])"
325,lora_unet_down_blocks_2_attentions_0_transformer_blocks_0_attn1_to_q.lora_up.weight,"torch.Size([1280, 64])"
326,lora_unet_down_blocks_2_attentions_0_transformer_blocks_0_attn1_to_v.alpha,torch.Size([1])
327,lora_unet_down_blocks_2_attentions_0_transformer_blocks_0_attn1_to_v.lora_down.weight,"torch.Size([64, 1280])"
328,lora_unet_down_blocks_2_attentions_0_transformer_blocks_0_attn1_to_v.lora_up.weight,"torch.Size([1280, 64])"
329,lora_unet_down_blocks_2_attentions_0_transformer_blocks_0_attn2_to_k.alpha,torch.Size([1])
330,lora_unet_down_blocks_2_attentions_0_transformer_blocks_0_attn2_to_k.lora_down.weight,"torch.Size([64, 768])"
331,lora_unet_down_blocks_2_attentions_0_transformer_blocks_0_attn2_to_k.lora_up.weight,"torch.Size([1280, 64])"
332,lora_unet_down_blocks_2_attentions_0_transformer_blocks_0_attn2_to_out_0.alpha,torch.Size([1])
333,lora_unet_down_blocks_2_attentions_0_transformer_blocks_0_attn2_to_out_0.lora_down.weight,"torch.Size([64, 1280])"
334,lora_unet_down_blocks_2_attentions_0_transformer_blocks_0_attn2_to_out_0.lora_up.weight,"torch.Size([1280, 64])"
335,lora_unet_down_blocks_2_attentions_0_transformer_blocks_0_attn2_to_q.alpha,torch.Size([1])
336,lora_unet_down_blocks_2_attentions_0_transformer_blocks_0_attn2_to_q.lora_down.weight,"torch.Size([64, 1280])"
337,lora_unet_down_blocks_2_attentions_0_transformer_blocks_0_attn2_to_q.lora_up.weight,"torch.Size([1280, 64])"
338,lora_unet_down_blocks_2_attentions_0_transformer_blocks_0_attn2_to_v.alpha,torch.Size([1])
339,lora_unet_down_blocks_2_attentions_0_transformer_blocks_0_attn2_to_v.lora_down.weight,"torch.Size([64, 768])"
340,lora_unet_down_blocks_2_attentions_0_transformer_blocks_0_attn2_to_v.lora_up.weight,"torch.Size([1280, 64])"
341,lora_unet_down_blocks_2_attentions_1_transformer_blocks_0_attn1_to_k.alpha,torch.Size([1])
342,lora_unet_down_blocks_2_attentions_1_transformer_blocks_0_attn1_to_k.lora_down.weight,"torch.Size([64, 1280])"
343,lora_unet_down_blocks_2_attentions_1_transformer_blocks_0_attn1_to_k.lora_up.weight,"torch.Size([1280, 64])"
344,lora_unet_down_blocks_2_attentions_1_transformer_blocks_0_attn1_to_out_0.alpha,torch.Size([1])
345,lora_unet_down_blocks_2_attentions_1_transformer_blocks_0_attn1_to_out_0.lora_down.weight,"torch.Size([64, 1280])"
346,lora_unet_down_blocks_2_attentions_1_transformer_blocks_0_attn1_to_out_0.lora_up.weight,"torch.Size([1280, 64])"
347,lora_unet_down_blocks_2_attentions_1_transformer_blocks_0_attn1_to_q.alpha,torch.Size([1])
348,lora_unet_down_blocks_2_attentions_1_transformer_blocks_0_attn1_to_q.lora_down.weight,"torch.Size([64, 1280])"
349,lora_unet_down_blocks_2_attentions_1_transformer_blocks_0_attn1_to_q.lora_up.weight,"torch.Size([1280, 64])"
350,lora_unet_down_blocks_2_attentions_1_transformer_blocks_0_attn1_to_v.alpha,torch.Size([1])
351,lora_unet_down_blocks_2_attentions_1_transformer_blocks_0_attn1_to_v.lora_down.weight,"torch.Size([64, 1280])"
352,lora_unet_down_blocks_2_attentions_1_transformer_blocks_0_attn1_to_v.lora_up.weight,"torch.Size([1280, 64])"
353,lora_unet_down_blocks_2_attentions_1_transformer_blocks_0_attn2_to_k.alpha,torch.Size([1])
354,lora_unet_down_blocks_2_attentions_1_transformer_blocks_0_attn2_to_k.lora_down.weight,"torch.Size([64, 768])"
355,lora_unet_down_blocks_2_attentions_1_transformer_blocks_0_attn2_to_k.lora_up.weight,"torch.Size([1280, 64])"
356,lora_unet_down_blocks_2_attentions_1_transformer_blocks_0_attn2_to_out_0.alpha,torch.Size([1])
357,lora_unet_down_blocks_2_attentions_1_transformer_blocks_0_attn2_to_out_0.lora_down.weight,"torch.Size([64, 1280])"
358,lora_unet_down_blocks_2_attentions_1_transformer_blocks_0_attn2_to_out_0.lora_up.weight,"torch.Size([1280, 64])"
359,lora_unet_down_blocks_2_attentions_1_transformer_blocks_0_attn2_to_q.alpha,torch.Size([1])
360,lora_unet_down_blocks_2_attentions_1_transformer_blocks_0_attn2_to_q.lora_down.weight,"torch.Size([64, 1280])"
361,lora_unet_down_blocks_2_attentions_1_transformer_blocks_0_attn2_to_q.lora_up.weight,"torch.Size([1280, 64])"
362,lora_unet_down_blocks_2_attentions_1_transformer_blocks_0_attn2_to_v.alpha,torch.Size([1])
363,lora_unet_down_blocks_2_attentions_1_transformer_blocks_0_attn2_to_v.lora_down.weight,"torch.Size([64, 768])"
364,lora_unet_down_blocks_2_attentions_1_transformer_blocks_0_attn2_to_v.lora_up.weight,"torch.Size([1280, 64])"
365,lora_unet_mid_block_attentions_0_transformer_blocks_0_attn1_to_k.alpha,torch.Size([1])
366,lora_unet_mid_block_attentions_0_transformer_blocks_0_attn1_to_k.lora_down.weight,"torch.Size([64, 1280])"
367,lora_unet_mid_block_attentions_0_transformer_blocks_0_attn1_to_k.lora_up.weight,"torch.Size([1280, 64])"
368,lora_unet_mid_block_attentions_0_transformer_blocks_0_attn1_to_out_0.alpha,torch.Size([1])
369,lora_unet_mid_block_attentions_0_transformer_blocks_0_attn1_to_out_0.lora_down.weight,"torch.Size([64, 1280])"
370,lora_unet_mid_block_attentions_0_transformer_blocks_0_attn1_to_out_0.lora_up.weight,"torch.Size([1280, 64])"
371,lora_unet_mid_block_attentions_0_transformer_blocks_0_attn1_to_q.alpha,torch.Size([1])
372,lora_unet_mid_block_attentions_0_transformer_blocks_0_attn1_to_q.lora_down.weight,"torch.Size([64, 1280])"
373,lora_unet_mid_block_attentions_0_transformer_blocks_0_attn1_to_q.lora_up.weight,"torch.Size([1280, 64])"
374,lora_unet_mid_block_attentions_0_transformer_blocks_0_attn1_to_v.alpha,torch.Size([1])
375,lora_unet_mid_block_attentions_0_transformer_blocks_0_attn1_to_v.lora_down.weight,"torch.Size([64, 1280])"
376,lora_unet_mid_block_attentions_0_transformer_blocks_0_attn1_to_v.lora_up.weight,"torch.Size([1280, 64])"
377,lora_unet_mid_block_attentions_0_transformer_blocks_0_attn2_to_k.alpha,torch.Size([1])
378,lora_unet_mid_block_attentions_0_transformer_blocks_0_attn2_to_k.lora_down.weight,"torch.Size([64, 768])"
379,lora_unet_mid_block_attentions_0_transformer_blocks_0_attn2_to_k.lora_up.weight,"torch.Size([1280, 64])"
380,lora_unet_mid_block_attentions_0_transformer_blocks_0_attn2_to_out_0.alpha,torch.Size([1])
381,lora_unet_mid_block_attentions_0_transformer_blocks_0_attn2_to_out_0.lora_down.weight,"torch.Size([64, 1280])"
382,lora_unet_mid_block_attentions_0_transformer_blocks_0_attn2_to_out_0.lora_up.weight,"torch.Size([1280, 64])"
383,lora_unet_mid_block_attentions_0_transformer_blocks_0_attn2_to_q.alpha,torch.Size([1])
384,lora_unet_mid_block_attentions_0_transformer_blocks_0_attn2_to_q.lora_down.weight,"torch.Size([64, 1280])"
385,lora_unet_mid_block_attentions_0_transformer_blocks_0_attn2_to_q.lora_up.weight,"torch.Size([1280, 64])"
386,lora_unet_mid_block_attentions_0_transformer_blocks_0_attn2_to_v.alpha,torch.Size([1])
387,lora_unet_mid_block_attentions_0_transformer_blocks_0_attn2_to_v.lora_down.weight,"torch.Size([64, 768])"
388,lora_unet_mid_block_attentions_0_transformer_blocks_0_attn2_to_v.lora_up.weight,"torch.Size([1280, 64])"
389,lora_unet_time_embedding_linear_1.alpha,torch.Size([1])
390,lora_unet_time_embedding_linear_1.lora_down.weight,"torch.Size([64, 320])"
391,lora_unet_time_embedding_linear_1.lora_up.weight,"torch.Size([1280, 64])"
392,lora_unet_time_embedding_linear_2.alpha,torch.Size([1])
393,lora_unet_time_embedding_linear_2.lora_down.weight,"torch.Size([64, 1280])"
394,lora_unet_time_embedding_linear_2.lora_up.weight,"torch.Size([1280, 64])"
395,lora_unet_up_blocks_1_attentions_0_transformer_blocks_0_attn1_to_k.alpha,torch.Size([1])
396,lora_unet_up_blocks_1_attentions_0_transformer_blocks_0_attn1_to_k.lora_down.weight,"torch.Size([64, 1280])"
397,lora_unet_up_blocks_1_attentions_0_transformer_blocks_0_attn1_to_k.lora_up.weight,"torch.Size([1280, 64])"
398,lora_unet_up_blocks_1_attentions_0_transformer_blocks_0_attn1_to_out_0.alpha,torch.Size([1])
399,lora_unet_up_blocks_1_attentions_0_transformer_blocks_0_attn1_to_out_0.lora_down.weight,"torch.Size([64, 1280])"
400,lora_unet_up_blocks_1_attentions_0_transformer_blocks_0_attn1_to_out_0.lora_up.weight,"torch.Size([1280, 64])"
401,lora_unet_up_blocks_1_attentions_0_transformer_blocks_0_attn1_to_q.alpha,torch.Size([1])
402,lora_unet_up_blocks_1_attentions_0_transformer_blocks_0_attn1_to_q.lora_down.weight,"torch.Size([64, 1280])"
403,lora_unet_up_blocks_1_attentions_0_transformer_blocks_0_attn1_to_q.lora_up.weight,"torch.Size([1280, 64])"
404,lora_unet_up_blocks_1_attentions_0_transformer_blocks_0_attn1_to_v.alpha,torch.Size([1])
405,lora_unet_up_blocks_1_attentions_0_transformer_blocks_0_attn1_to_v.lora_down.weight,"torch.Size([64, 1280])"
406,lora_unet_up_blocks_1_attentions_0_transformer_blocks_0_attn1_to_v.lora_up.weight,"torch.Size([1280, 64])"
407,lora_unet_up_blocks_1_attentions_0_transformer_blocks_0_attn2_to_k.alpha,torch.Size([1])
408,lora_unet_up_blocks_1_attentions_0_transformer_blocks_0_attn2_to_k.lora_down.weight,"torch.Size([64, 768])"
409,lora_unet_up_blocks_1_attentions_0_transformer_blocks_0_attn2_to_k.lora_up.weight,"torch.Size([1280, 64])"
410,lora_unet_up_blocks_1_attentions_0_transformer_blocks_0_attn2_to_out_0.alpha,torch.Size([1])
411,lora_unet_up_blocks_1_attentions_0_transformer_blocks_0_attn2_to_out_0.lora_down.weight,"torch.Size([64, 1280])"
412,lora_unet_up_blocks_1_attentions_0_transformer_blocks_0_attn2_to_out_0.lora_up.weight,"torch.Size([1280, 64])"
413,lora_unet_up_blocks_1_attentions_0_transformer_blocks_0_attn2_to_q.alpha,torch.Size([1])
414,lora_unet_up_blocks_1_attentions_0_transformer_blocks_0_attn2_to_q.lora_down.weight,"torch.Size([64, 1280])"
415,lora_unet_up_blocks_1_attentions_0_transformer_blocks_0_attn2_to_q.lora_up.weight,"torch.Size([1280, 64])"
416,lora_unet_up_blocks_1_attentions_0_transformer_blocks_0_attn2_to_v.alpha,torch.Size([1])
417,lora_unet_up_blocks_1_attentions_0_transformer_blocks_0_attn2_to_v.lora_down.weight,"torch.Size([64, 768])"
418,lora_unet_up_blocks_1_attentions_0_transformer_blocks_0_attn2_to_v.lora_up.weight,"torch.Size([1280, 64])"
419,lora_unet_up_blocks_1_attentions_1_transformer_blocks_0_attn1_to_k.alpha,torch.Size([1])
420,lora_unet_up_blocks_1_attentions_1_transformer_blocks_0_attn1_to_k.lora_down.weight,"torch.Size([64, 1280])"
421,lora_unet_up_blocks_1_attentions_1_transformer_blocks_0_attn1_to_k.lora_up.weight,"torch.Size([1280, 64])"
422,lora_unet_up_blocks_1_attentions_1_transformer_blocks_0_attn1_to_out_0.alpha,torch.Size([1])
423,lora_unet_up_blocks_1_attentions_1_transformer_blocks_0_attn1_to_out_0.lora_down.weight,"torch.Size([64, 1280])"
424,lora_unet_up_blocks_1_attentions_1_transformer_blocks_0_attn1_to_out_0.lora_up.weight,"torch.Size([1280, 64])"
425,lora_unet_up_blocks_1_attentions_1_transformer_blocks_0_attn1_to_q.alpha,torch.Size([1])
426,lora_unet_up_blocks_1_attentions_1_transformer_blocks_0_attn1_to_q.lora_down.weight,"torch.Size([64, 1280])"
427,lora_unet_up_blocks_1_attentions_1_transformer_blocks_0_attn1_to_q.lora_up.weight,"torch.Size([1280, 64])"
428,lora_unet_up_blocks_1_attentions_1_transformer_blocks_0_attn1_to_v.alpha,torch.Size([1])
429,lora_unet_up_blocks_1_attentions_1_transformer_blocks_0_attn1_to_v.lora_down.weight,"torch.Size([64, 1280])"
430,lora_unet_up_blocks_1_attentions_1_transformer_blocks_0_attn1_to_v.lora_up.weight,"torch.Size([1280, 64])"
431,lora_unet_up_blocks_1_attentions_1_transformer_blocks_0_attn2_to_k.alpha,torch.Size([1])
432,lora_unet_up_blocks_1_attentions_1_transformer_blocks_0_attn2_to_k.lora_down.weight,"torch.Size([64, 768])"
433,lora_unet_up_blocks_1_attentions_1_transformer_blocks_0_attn2_to_k.lora_up.weight,"torch.Size([1280, 64])"
434,lora_unet_up_blocks_1_attentions_1_transformer_blocks_0_attn2_to_out_0.alpha,torch.Size([1])
435,lora_unet_up_blocks_1_attentions_1_transformer_blocks_0_attn2_to_out_0.lora_down.weight,"torch.Size([64, 1280])"
436,lora_unet_up_blocks_1_attentions_1_transformer_blocks_0_attn2_to_out_0.lora_up.weight,"torch.Size([1280, 64])"
437,lora_unet_up_blocks_1_attentions_1_transformer_blocks_0_attn2_to_q.alpha,torch.Size([1])
438,lora_unet_up_blocks_1_attentions_1_transformer_blocks_0_attn2_to_q.lora_down.weight,"torch.Size([64, 1280])"
439,lora_unet_up_blocks_1_attentions_1_transformer_blocks_0_attn2_to_q.lora_up.weight,"torch.Size([1280, 64])"
440,lora_unet_up_blocks_1_attentions_1_transformer_blocks_0_attn2_to_v.alpha,torch.Size([1])
441,lora_unet_up_blocks_1_attentions_1_transformer_blocks_0_attn2_to_v.lora_down.weight,"torch.Size([64, 768])"
442,lora_unet_up_blocks_1_attentions_1_transformer_blocks_0_attn2_to_v.lora_up.weight,"torch.Size([1280, 64])"
443,lora_unet_up_blocks_1_attentions_2_transformer_blocks_0_attn1_to_k.alpha,torch.Size([1])
444,lora_unet_up_blocks_1_attentions_2_transformer_blocks_0_attn1_to_k.lora_down.weight,"torch.Size([64, 1280])"
445,lora_unet_up_blocks_1_attentions_2_transformer_blocks_0_attn1_to_k.lora_up.weight,"torch.Size([1280, 64])"
446,lora_unet_up_blocks_1_attentions_2_transformer_blocks_0_attn1_to_out_0.alpha,torch.Size([1])
447,lora_unet_up_blocks_1_attentions_2_transformer_blocks_0_attn1_to_out_0.lora_down.weight,"torch.Size([64, 1280])"
448,lora_unet_up_blocks_1_attentions_2_transformer_blocks_0_attn1_to_out_0.lora_up.weight,"torch.Size([1280, 64])"
449,lora_unet_up_blocks_1_attentions_2_transformer_blocks_0_attn1_to_q.alpha,torch.Size([1])
450,lora_unet_up_blocks_1_attentions_2_transformer_blocks_0_attn1_to_q.lora_down.weight,"torch.Size([64, 1280])"
451,lora_unet_up_blocks_1_attentions_2_transformer_blocks_0_attn1_to_q.lora_up.weight,"torch.Size([1280, 64])"
452,lora_unet_up_blocks_1_attentions_2_transformer_blocks_0_attn1_to_v.alpha,torch.Size([1])
453,lora_unet_up_blocks_1_attentions_2_transformer_blocks_0_attn1_to_v.lora_down.weight,"torch.Size([64, 1280])"
454,lora_unet_up_blocks_1_attentions_2_transformer_blocks_0_attn1_to_v.lora_up.weight,"torch.Size([1280, 64])"
455,lora_unet_up_blocks_1_attentions_2_transformer_blocks_0_attn2_to_k.alpha,torch.Size([1])
456,lora_unet_up_blocks_1_attentions_2_transformer_blocks_0_attn2_to_k.lora_down.weight,"torch.Size([64, 768])"
457,lora_unet_up_blocks_1_attentions_2_transformer_blocks_0_attn2_to_k.lora_up.weight,"torch.Size([1280, 64])"
458,lora_unet_up_blocks_1_attentions_2_transformer_blocks_0_attn2_to_out_0.alpha,torch.Size([1])
459,lora_unet_up_blocks_1_attentions_2_transformer_blocks_0_attn2_to_out_0.lora_down.weight,"torch.Size([64, 1280])"
460,lora_unet_up_blocks_1_attentions_2_transformer_blocks_0_attn2_to_out_0.lora_up.weight,"torch.Size([1280, 64])"
461,lora_unet_up_blocks_1_attentions_2_transformer_blocks_0_attn2_to_q.alpha,torch.Size([1])
462,lora_unet_up_blocks_1_attentions_2_transformer_blocks_0_attn2_to_q.lora_down.weight,"torch.Size([64, 1280])"
463,lora_unet_up_blocks_1_attentions_2_transformer_blocks_0_attn2_to_q.lora_up.weight,"torch.Size([1280, 64])"
464,lora_unet_up_blocks_1_attentions_2_transformer_blocks_0_attn2_to_v.alpha,torch.Size([1])
465,lora_unet_up_blocks_1_attentions_2_transformer_blocks_0_attn2_to_v.lora_down.weight,"torch.Size([64, 768])"
466,lora_unet_up_blocks_1_attentions_2_transformer_blocks_0_attn2_to_v.lora_up.weight,"torch.Size([1280, 64])"
467,lora_unet_up_blocks_2_attentions_0_transformer_blocks_0_attn1_to_k.alpha,torch.Size([1])
468,lora_unet_up_blocks_2_attentions_0_transformer_blocks_0_attn1_to_k.lora_down.weight,"torch.Size([64, 640])"
469,lora_unet_up_blocks_2_attentions_0_transformer_blocks_0_attn1_to_k.lora_up.weight,"torch.Size([640, 64])"
470,lora_unet_up_blocks_2_attentions_0_transformer_blocks_0_attn1_to_out_0.alpha,torch.Size([1])
471,lora_unet_up_blocks_2_attentions_0_transformer_blocks_0_attn1_to_out_0.lora_down.weight,"torch.Size([64, 640])"
472,lora_unet_up_blocks_2_attentions_0_transformer_blocks_0_attn1_to_out_0.lora_up.weight,"torch.Size([640, 64])"
473,lora_unet_up_blocks_2_attentions_0_transformer_blocks_0_attn1_to_q.alpha,torch.Size([1])
474,lora_unet_up_blocks_2_attentions_0_transformer_blocks_0_attn1_to_q.lora_down.weight,"torch.Size([64, 640])"
475,lora_unet_up_blocks_2_attentions_0_transformer_blocks_0_attn1_to_q.lora_up.weight,"torch.Size([640, 64])"
476,lora_unet_up_blocks_2_attentions_0_transformer_blocks_0_attn1_to_v.alpha,torch.Size([1])
477,lora_unet_up_blocks_2_attentions_0_transformer_blocks_0_attn1_to_v.lora_down.weight,"torch.Size([64, 640])"
478,lora_unet_up_blocks_2_attentions_0_transformer_blocks_0_attn1_to_v.lora_up.weight,"torch.Size([640, 64])"
479,lora_unet_up_blocks_2_attentions_0_transformer_blocks_0_attn2_to_k.alpha,torch.Size([1])
480,lora_unet_up_blocks_2_attentions_0_transformer_blocks_0_attn2_to_k.lora_down.weight,"torch.Size([64, 768])"
481,lora_unet_up_blocks_2_attentions_0_transformer_blocks_0_attn2_to_k.lora_up.weight,"torch.Size([640, 64])"
482,lora_unet_up_blocks_2_attentions_0_transformer_blocks_0_attn2_to_out_0.alpha,torch.Size([1])
483,lora_unet_up_blocks_2_attentions_0_transformer_blocks_0_attn2_to_out_0.lora_down.weight,"torch.Size([64, 640])"
484,lora_unet_up_blocks_2_attentions_0_transformer_blocks_0_attn2_to_out_0.lora_up.weight,"torch.Size([640, 64])"
485,lora_unet_up_blocks_2_attentions_0_transformer_blocks_0_attn2_to_q.alpha,torch.Size([1])
486,lora_unet_up_blocks_2_attentions_0_transformer_blocks_0_attn2_to_q.lora_down.weight,"torch.Size([64, 640])"
487,lora_unet_up_blocks_2_attentions_0_transformer_blocks_0_attn2_to_q.lora_up.weight,"torch.Size([640, 64])"
488,lora_unet_up_blocks_2_attentions_0_transformer_blocks_0_attn2_to_v.alpha,torch.Size([1])
489,lora_unet_up_blocks_2_attentions_0_transformer_blocks_0_attn2_to_v.lora_down.weight,"torch.Size([64, 768])"
490,lora_unet_up_blocks_2_attentions_0_transformer_blocks_0_attn2_to_v.lora_up.weight,"torch.Size([640, 64])"
491,lora_unet_up_blocks_2_attentions_1_transformer_blocks_0_attn1_to_k.alpha,torch.Size([1])
492,lora_unet_up_blocks_2_attentions_1_transformer_blocks_0_attn1_to_k.lora_down.weight,"torch.Size([64, 640])"
493,lora_unet_up_blocks_2_attentions_1_transformer_blocks_0_attn1_to_k.lora_up.weight,"torch.Size([640, 64])"
494,lora_unet_up_blocks_2_attentions_1_transformer_blocks_0_attn1_to_out_0.alpha,torch.Size([1])
495,lora_unet_up_blocks_2_attentions_1_transformer_blocks_0_attn1_to_out_0.lora_down.weight,"torch.Size([64, 640])"
496,lora_unet_up_blocks_2_attentions_1_transformer_blocks_0_attn1_to_out_0.lora_up.weight,"torch.Size([640, 64])"
497,lora_unet_up_blocks_2_attentions_1_transformer_blocks_0_attn1_to_q.alpha,torch.Size([1])
498,lora_unet_up_blocks_2_attentions_1_transformer_blocks_0_attn1_to_q.lora_down.weight,"torch.Size([64, 640])"
499,lora_unet_up_blocks_2_attentions_1_transformer_blocks_0_attn1_to_q.lora_up.weight,"torch.Size([640, 64])"
500,lora_unet_up_blocks_2_attentions_1_transformer_blocks_0_attn1_to_v.alpha,torch.Size([1])
501,lora_unet_up_blocks_2_attentions_1_transformer_blocks_0_attn1_to_v.lora_down.weight,"torch.Size([64, 640])"
502,lora_unet_up_blocks_2_attentions_1_transformer_blocks_0_attn1_to_v.lora_up.weight,"torch.Size([640, 64])"
503,lora_unet_up_blocks_2_attentions_1_transformer_blocks_0_attn2_to_k.alpha,torch.Size([1])
504,lora_unet_up_blocks_2_attentions_1_transformer_blocks_0_attn2_to_k.lora_down.weight,"torch.Size([64, 768])"
505,lora_unet_up_blocks_2_attentions_1_transformer_blocks_0_attn2_to_k.lora_up.weight,"torch.Size([640, 64])"
506,lora_unet_up_blocks_2_attentions_1_transformer_blocks_0_attn2_to_out_0.alpha,torch.Size([1])
507,lora_unet_up_blocks_2_attentions_1_transformer_blocks_0_attn2_to_out_0.lora_down.weight,"torch.Size([64, 640])"
508,lora_unet_up_blocks_2_attentions_1_transformer_blocks_0_attn2_to_out_0.lora_up.weight,"torch.Size([640, 64])"
509,lora_unet_up_blocks_2_attentions_1_transformer_blocks_0_attn2_to_q.alpha,torch.Size([1])
510,lora_unet_up_blocks_2_attentions_1_transformer_blocks_0_attn2_to_q.lora_down.weight,"torch.Size([64, 640])"
511,lora_unet_up_blocks_2_attentions_1_transformer_blocks_0_attn2_to_q.lora_up.weight,"torch.Size([640, 64])"
512,lora_unet_up_blocks_2_attentions_1_transformer_blocks_0_attn2_to_v.alpha,torch.Size([1])
513,lora_unet_up_blocks_2_attentions_1_transformer_blocks_0_attn2_to_v.lora_down.weight,"torch.Size([64, 768])"
514,lora_unet_up_blocks_2_attentions_1_transformer_blocks_0_attn2_to_v.lora_up.weight,"torch.Size([640, 64])"
515,lora_unet_up_blocks_2_attentions_2_transformer_blocks_0_attn1_to_k.alpha,torch.Size([1])
516,lora_unet_up_blocks_2_attentions_2_transformer_blocks_0_attn1_to_k.lora_down.weight,"torch.Size([64, 640])"
517,lora_unet_up_blocks_2_attentions_2_transformer_blocks_0_attn1_to_k.lora_up.weight,"torch.Size([640, 64])"
518,lora_unet_up_blocks_2_attentions_2_transformer_blocks_0_attn1_to_out_0.alpha,torch.Size([1])
519,lora_unet_up_blocks_2_attentions_2_transformer_blocks_0_attn1_to_out_0.lora_down.weight,"torch.Size([64, 640])"
520,lora_unet_up_blocks_2_attentions_2_transformer_blocks_0_attn1_to_out_0.lora_up.weight,"torch.Size([640, 64])"
521,lora_unet_up_blocks_2_attentions_2_transformer_blocks_0_attn1_to_q.alpha,torch.Size([1])
522,lora_unet_up_blocks_2_attentions_2_transformer_blocks_0_attn1_to_q.lora_down.weight,"torch.Size([64, 640])"
523,lora_unet_up_blocks_2_attentions_2_transformer_blocks_0_attn1_to_q.lora_up.weight,"torch.Size([640, 64])"
524,lora_unet_up_blocks_2_attentions_2_transformer_blocks_0_attn1_to_v.alpha,torch.Size([1])
525,lora_unet_up_blocks_2_attentions_2_transformer_blocks_0_attn1_to_v.lora_down.weight,"torch.Size([64, 640])"
526,lora_unet_up_blocks_2_attentions_2_transformer_blocks_0_attn1_to_v.lora_up.weight,"torch.Size([640, 64])"
527,lora_unet_up_blocks_2_attentions_2_transformer_blocks_0_attn2_to_k.alpha,torch.Size([1])
528,lora_unet_up_blocks_2_attentions_2_transformer_blocks_0_attn2_to_k.lora_down.weight,"torch.Size([64, 768])"
529,lora_unet_up_blocks_2_attentions_2_transformer_blocks_0_attn2_to_k.lora_up.weight,"torch.Size([640, 64])"
530,lora_unet_up_blocks_2_attentions_2_transformer_blocks_0_attn2_to_out_0.alpha,torch.Size([1])
531,lora_unet_up_blocks_2_attentions_2_transformer_blocks_0_attn2_to_out_0.lora_down.weight,"torch.Size([64, 640])"
532,lora_unet_up_blocks_2_attentions_2_transformer_blocks_0_attn2_to_out_0.lora_up.weight,"torch.Size([640, 64])"
533,lora_unet_up_blocks_2_attentions_2_transformer_blocks_0_attn2_to_q.alpha,torch.Size([1])
534,lora_unet_up_blocks_2_attentions_2_transformer_blocks_0_attn2_to_q.lora_down.weight,"torch.Size([64, 640])"
535,lora_unet_up_blocks_2_attentions_2_transformer_blocks_0_attn2_to_q.lora_up.weight,"torch.Size([640, 64])"
536,lora_unet_up_blocks_2_attentions_2_transformer_blocks_0_attn2_to_v.alpha,torch.Size([1])
537,lora_unet_up_blocks_2_attentions_2_transformer_blocks_0_attn2_to_v.lora_down.weight,"torch.Size([64, 768])"
538,lora_unet_up_blocks_2_attentions_2_transformer_blocks_0_attn2_to_v.lora_up.weight,"torch.Size([640, 64])"
539,lora_unet_up_blocks_3_attentions_0_transformer_blocks_0_attn1_to_k.alpha,torch.Size([1])
540,lora_unet_up_blocks_3_attentions_0_transformer_blocks_0_attn1_to_k.lora_down.weight,"torch.Size([64, 320])"
541,lora_unet_up_blocks_3_attentions_0_transformer_blocks_0_attn1_to_k.lora_up.weight,"torch.Size([320, 64])"
542,lora_unet_up_blocks_3_attentions_0_transformer_blocks_0_attn1_to_out_0.alpha,torch.Size([1])
543,lora_unet_up_blocks_3_attentions_0_transformer_blocks_0_attn1_to_out_0.lora_down.weight,"torch.Size([64, 320])"
544,lora_unet_up_blocks_3_attentions_0_transformer_blocks_0_attn1_to_out_0.lora_up.weight,"torch.Size([320, 64])"
545,lora_unet_up_blocks_3_attentions_0_transformer_blocks_0_attn1_to_q.alpha,torch.Size([1])
546,lora_unet_up_blocks_3_attentions_0_transformer_blocks_0_attn1_to_q.lora_down.weight,"torch.Size([64, 320])"
547,lora_unet_up_blocks_3_attentions_0_transformer_blocks_0_attn1_to_q.lora_up.weight,"torch.Size([320, 64])"
548,lora_unet_up_blocks_3_attentions_0_transformer_blocks_0_attn1_to_v.alpha,torch.Size([1])
549,lora_unet_up_blocks_3_attentions_0_transformer_blocks_0_attn1_to_v.lora_down.weight,"torch.Size([64, 320])"
550,lora_unet_up_blocks_3_attentions_0_transformer_blocks_0_attn1_to_v.lora_up.weight,"torch.Size([320, 64])"
551,lora_unet_up_blocks_3_attentions_0_transformer_blocks_0_attn2_to_k.alpha,torch.Size([1])
552,lora_unet_up_blocks_3_attentions_0_transformer_blocks_0_attn2_to_k.lora_down.weight,"torch.Size([64, 768])"
553,lora_unet_up_blocks_3_attentions_0_transformer_blocks_0_attn2_to_k.lora_up.weight,"torch.Size([320, 64])"
554,lora_unet_up_blocks_3_attentions_0_transformer_blocks_0_attn2_to_out_0.alpha,torch.Size([1])
555,lora_unet_up_blocks_3_attentions_0_transformer_blocks_0_attn2_to_out_0.lora_down.weight,"torch.Size([64, 320])"
556,lora_unet_up_blocks_3_attentions_0_transformer_blocks_0_attn2_to_out_0.lora_up.weight,"torch.Size([320, 64])"
557,lora_unet_up_blocks_3_attentions_0_transformer_blocks_0_attn2_to_q.alpha,torch.Size([1])
558,lora_unet_up_blocks_3_attentions_0_transformer_blocks_0_attn2_to_q.lora_down.weight,"torch.Size([64, 320])"
559,lora_unet_up_blocks_3_attentions_0_transformer_blocks_0_attn2_to_q.lora_up.weight,"torch.Size([320, 64])"
560,lora_unet_up_blocks_3_attentions_0_transformer_blocks_0_attn2_to_v.alpha,torch.Size([1])
561,lora_unet_up_blocks_3_attentions_0_transformer_blocks_0_attn2_to_v.lora_down.weight,"torch.Size([64, 768])"
562,lora_unet_up_blocks_3_attentions_0_transformer_blocks_0_attn2_to_v.lora_up.weight,"torch.Size([320, 64])"
563,lora_unet_up_blocks_3_attentions_1_transformer_blocks_0_attn1_to_k.alpha,torch.Size([1])
564,lora_unet_up_blocks_3_attentions_1_transformer_blocks_0_attn1_to_k.lora_down.weight,"torch.Size([64, 320])"
565,lora_unet_up_blocks_3_attentions_1_transformer_blocks_0_attn1_to_k.lora_up.weight,"torch.Size([320, 64])"
566,lora_unet_up_blocks_3_attentions_1_transformer_blocks_0_attn1_to_out_0.alpha,torch.Size([1])
567,lora_unet_up_blocks_3_attentions_1_transformer_blocks_0_attn1_to_out_0.lora_down.weight,"torch.Size([64, 320])"
568,lora_unet_up_blocks_3_attentions_1_transformer_blocks_0_attn1_to_out_0.lora_up.weight,"torch.Size([320, 64])"
569,lora_unet_up_blocks_3_attentions_1_transformer_blocks_0_attn1_to_q.alpha,torch.Size([1])
570,lora_unet_up_blocks_3_attentions_1_transformer_blocks_0_attn1_to_q.lora_down.weight,"torch.Size([64, 320])"
571,lora_unet_up_blocks_3_attentions_1_transformer_blocks_0_attn1_to_q.lora_up.weight,"torch.Size([320, 64])"
572,lora_unet_up_blocks_3_attentions_1_transformer_blocks_0_attn1_to_v.alpha,torch.Size([1])
573,lora_unet_up_blocks_3_attentions_1_transformer_blocks_0_attn1_to_v.lora_down.weight,"torch.Size([64, 320])"
574,lora_unet_up_blocks_3_attentions_1_transformer_blocks_0_attn1_to_v.lora_up.weight,"torch.Size([320, 64])"
575,lora_unet_up_blocks_3_attentions_1_transformer_blocks_0_attn2_to_k.alpha,torch.Size([1])
576,lora_unet_up_blocks_3_attentions_1_transformer_blocks_0_attn2_to_k.lora_down.weight,"torch.Size([64, 768])"
577,lora_unet_up_blocks_3_attentions_1_transformer_blocks_0_attn2_to_k.lora_up.weight,"torch.Size([320, 64])"
578,lora_unet_up_blocks_3_attentions_1_transformer_blocks_0_attn2_to_out_0.alpha,torch.Size([1])
579,lora_unet_up_blocks_3_attentions_1_transformer_blocks_0_attn2_to_out_0.lora_down.weight,"torch.Size([64, 320])"
580,lora_unet_up_blocks_3_attentions_1_transformer_blocks_0_attn2_to_out_0.lora_up.weight,"torch.Size([320, 64])"
581,lora_unet_up_blocks_3_attentions_1_transformer_blocks_0_attn2_to_q.alpha,torch.Size([1])
582,lora_unet_up_blocks_3_attentions_1_transformer_blocks_0_attn2_to_q.lora_down.weight,"torch.Size([64, 320])"
583,lora_unet_up_blocks_3_attentions_1_transformer_blocks_0_attn2_to_q.lora_up.weight,"torch.Size([320, 64])"
584,lora_unet_up_blocks_3_attentions_1_transformer_blocks_0_attn2_to_v.alpha,torch.Size([1])
585,lora_unet_up_blocks_3_attentions_1_transformer_blocks_0_attn2_to_v.lora_down.weight,"torch.Size([64, 768])"
586,lora_unet_up_blocks_3_attentions_1_transformer_blocks_0_attn2_to_v.lora_up.weight,"torch.Size([320, 64])"
587,lora_unet_up_blocks_3_attentions_2_transformer_blocks_0_attn1_to_k.alpha,torch.Size([1])
588,lora_unet_up_blocks_3_attentions_2_transformer_blocks_0_attn1_to_k.lora_down.weight,"torch.Size([64, 320])"
589,lora_unet_up_blocks_3_attentions_2_transformer_blocks_0_attn1_to_k.lora_up.weight,"torch.Size([320, 64])"
590,lora_unet_up_blocks_3_attentions_2_transformer_blocks_0_attn1_to_out_0.alpha,torch.Size([1])
591,lora_unet_up_blocks_3_attentions_2_transformer_blocks_0_attn1_to_out_0.lora_down.weight,"torch.Size([64, 320])"
592,lora_unet_up_blocks_3_attentions_2_transformer_blocks_0_attn1_to_out_0.lora_up.weight,"torch.Size([320, 64])"
593,lora_unet_up_blocks_3_attentions_2_transformer_blocks_0_attn1_to_q.alpha,torch.Size([1])
594,lora_unet_up_blocks_3_attentions_2_transformer_blocks_0_attn1_to_q.lora_down.weight,"torch.Size([64, 320])"
595,lora_unet_up_blocks_3_attentions_2_transformer_blocks_0_attn1_to_q.lora_up.weight,"torch.Size([320, 64])"
596,lora_unet_up_blocks_3_attentions_2_transformer_blocks_0_attn1_to_v.alpha,torch.Size([1])
597,lora_unet_up_blocks_3_attentions_2_transformer_blocks_0_attn1_to_v.lora_down.weight,"torch.Size([64, 320])"
598,lora_unet_up_blocks_3_attentions_2_transformer_blocks_0_attn1_to_v.lora_up.weight,"torch.Size([320, 64])"
599,lora_unet_up_blocks_3_attentions_2_transformer_blocks_0_attn2_to_k.alpha,torch.Size([1])
600,lora_unet_up_blocks_3_attentions_2_transformer_blocks_0_attn2_to_k.lora_down.weight,"torch.Size([64, 768])"
601,lora_unet_up_blocks_3_attentions_2_transformer_blocks_0_attn2_to_k.lora_up.weight,"torch.Size([320, 64])"
602,lora_unet_up_blocks_3_attentions_2_transformer_blocks_0_attn2_to_out_0.alpha,torch.Size([1])
603,lora_unet_up_blocks_3_attentions_2_transformer_blocks_0_attn2_to_out_0.lora_down.weight,"torch.Size([64, 320])"
604,lora_unet_up_blocks_3_attentions_2_transformer_blocks_0_attn2_to_out_0.lora_up.weight,"torch.Size([320, 64])"
605,lora_unet_up_blocks_3_attentions_2_transformer_blocks_0_attn2_to_q.alpha,torch.Size([1])
606,lora_unet_up_blocks_3_attentions_2_transformer_blocks_0_attn2_to_q.lora_down.weight,"torch.Size([64, 320])"
607,lora_unet_up_blocks_3_attentions_2_transformer_blocks_0_attn2_to_q.lora_up.weight,"torch.Size([320, 64])"
608,lora_unet_up_blocks_3_attentions_2_transformer_blocks_0_attn2_to_v.alpha,torch.Size([1])
609,lora_unet_up_blocks_3_attentions_2_transformer_blocks_0_attn2_to_v.lora_down.weight,"torch.Size([64, 768])"
610,lora_unet_up_blocks_3_attentions_2_transformer_blocks_0_attn2_to_v.lora_up.weight,"torch.Size([320, 64])"
